Morpheme,Location,Example,Length,Frequency,Common
abil,prefix,capability,4,76,False
able,suffix,capable,4,1561,True
ably,suffix,capably,4,275,True
abol,prefix,abolish,4,60,False
acar,prefix,acariasis,4,64,False
ace,suffix,palace,3,910,True
acet,prefix,acetabulum,4,85,False
acid,prefix,acidiferous,4,89,False
acti,prefix,activate,4,301,True
acy,suffix,democracy,3,116,False
ac,prefix,autacoid,2,6863,True
ado,suffix,bravado,3,355,True
ade,suffix,blockade,3,909,True
aden,prefix,adenocarcinoma,4,77,False
ae,suffix,abruptio_placentae,2,1363,True
aer,prefix,aerobic,3,214,True
age,suffix,storage,3,1595,True
ag,embedded,demagogue,2,4318,True
agon,prefix,protagonist,4,131,False
agra,suffix,melagra,4,95,False
aire,suffix,concessionaire,4,87,False
eal,suffix,corneal,3,637,True
ial,suffix,differential,3,972,True
tal,suffix,abuttal,3,1115,True
al,suffix,gradual,2,13351,True
alac,prefix,alacrity,4,42,False
alb,prefix,albedo,3,124,False
ale,prefix,aleuromancy,3,945,True
alg,prefix,analgesic,3,154,False
ali,prefix,alias,3,2094,True
all,prefix,allegory,3,2439,True
alt,prefix,altimeter,3,459,True
ambl,prefix,preamble,4,84,False
ami,prefix,amiable,3,798,True
amm,prefix,amathophobia,3,421,True
amn,prefix,amniocentesis,3,75,False
ampl,prefix,ample,4,79,False
ana,suffix,apadana,3,823,True
ando,suffix,accelerando,4,154,False
andr,prefix,andradite,4,102,False
ane,suffix,germane,3,849,True
ang,prefix,angle,3,1240,True
anim,prefix,animal,4,87,False
anth,prefix,anther,4,191,False
aper,prefix,aperient,4,176,False
aph,prefix,aphaeomelanism,3,517,True
api,prefix,apian,3,344,True
apt,prefix,aptitude,3,262,True
aqu,prefix,acquacotta,3,168,False
ara,prefix,arability,3,1129,True
arc,prefix,archery,3,707,True
ard,prefix,ardent,3,1576,True
ard,suffix,aboard,3,1576,True
aret,prefix,aretaic,4,61,False
argu,prefix,argument,4,61,False
arma,prefix,armament,4,83,False
arm,suffix,overarm,3,558,True
ar,suffix,annular,2,14620,True
asco,prefix,ascocarp,4,63,False
arti,prefix,artiodactyl,4,213,True
art,prefix,artifact,3,1109,True
art,suffix,stalwart,3,1109,True
ance,suffix,assistance,4,572,True
ant,suffix,vigilant,3,2725,True
arm,prefix,armor,3,558,True
ary,suffix,budgetary,3,516,True
asc,prefix,ascidium,3,286,True
asia,suffix,abasia,4,58,False
asin,prefix,asinine,4,122,False
asis,suffix,psoriasis,4,71,False
asm,suffix,ectoplasm,3,172,False
ast,suffix,gymnast,3,1733,True
ata,suffix,vertebrata,3,671,True
atic,suffix,aquatic,4,297,True
athl,prefix,athlete,4,54,False
ati,suffix,digerati,3,2707,True
ator,suffix,agitator,4,739,True
aud,prefix,audible,3,239,True
aul,prefix,aulete,3,273,True
aur,prefix,aureate,3,236,True
aux,prefix,auxanogram,3,69,False
av,prefix,avarice,2,1969,True
avi,prefix,avian,3,440,True
axi,prefix,axis,3,258,True
axon,prefix,axon,4,46,False
az,prefix,phenomena,2,989,True
back,prefix,backporch,4,493,True
bac,prefix,baculiform,3,662,True
band,prefix,bandage,4,244,True
bare,prefix,barefaced,4,49,False
bar,prefix,abarognosis,3,826,True
bast,prefix,bastion,4,61,False
bas,prefix,basal,3,546,True
bath,prefix,batholith,4,90,False
bat,prefix,rebate,3,544,True
bel,embedded,embellish,3,545,True
ben,prefix,beneficence,3,284,True
be,prefix,bedeviled,2,4958,True
bib,prefix,bib,3,72,False
ble,suffix,humble,3,2517,True
blue,suffix,black-and-blue,4,107,False
bol,prefix,bole,3,361,True
bomb,prefix,bomb,4,82,False
bon,prefix,bonify,3,383,True
bore,prefix,borealis,4,78,False
born,suffix,baseborn,4,67,False
boun,prefix,bountiful,4,110,False
brac,prefix,bracelet,4,121,False
bri,prefix,abridge,3,653,True
brom,prefix,bromate,4,62,False
bull,prefix,bullectomy,4,142,False
burs,prefix,bursa,4,82,False
by,suffix,crabby,2,369,True
cade,suffix,arcade,4,96,False
cal,prefix,caldarium,3,1507,True
calc,prefix,calcite,4,81,False
camp,prefix,camp,4,125,False
cani,prefix,canicular,4,60,False
can,prefix,cane,3,869,True
capr,prefix,cab,4,40,False
caps,prefix,capsule,4,70,False
carn,prefix,carnage,4,79,False
carp,prefix,carpal,4,154,False
cart,prefix,cartoon,4,103,False
cast,prefix,caste,4,185,False
cast,suffix,die-cast,4,185,False
cath,prefix,catharsis,4,70,False
cav,prefix,cave,3,156,False
cel,prefix,ceiling,3,374,True
cele,suffix,colpocele,4,95,False
cen,prefix,cenotaph,3,675,True
cens,prefix,censure,4,79,False
cent,prefix,cent,4,371,True
cert,prefix,ascertain,4,47,False
cess,suffix,succession,4,88,False
chal,embedded,nonchalant,4,135,False
char,prefix,chariot,4,294,True
chem,prefix,chemistry,4,95,False
chir,prefix,chiral,4,79,False
chol,prefix,cholangiography,4,78,False
ch,suffix,birch,2,8718,True
cian,suffix,magician,4,63,False
cide,prefix,fratricide,4,164,False
cili,prefix,cilia,4,47,False
cil,suffix,council,3,162,False
circ,prefix,circle,4,64,False
cise,embedded,precision,4,152,False
cis,prefix,cislunar,3,513,True
cit,prefix,citation,3,440,True
civ,prefix,civic,3,68,False
clad,prefix,clade,4,42,False
clad,suffix,armor-clad,4,42,False
clam,prefix,proclaim,4,79,False
clar,prefix,clarity,4,63,False
clav,prefix,clavichord,4,55,False
cle,prefix,ecclesia,3,688,True
cle,suffix,cubicle,3,688,True
clim,prefix,climacteric,4,56,False
clin,prefix,decline,4,158,False
col,prefix,colander,3,808,True
coll,prefix,accolade,4,186,False
com,prefix,comedy,3,921,True
conn,embedded,reconnaissance,4,71,False
con,prefix,conic,3,1662,True
copi,prefix,copious,4,55,False
core,suffix,hardcore,4,104,False
cori,prefix,coriaceous,4,45,False
corn,prefix,bicorn,4,208,True
cosm,prefix,cosmic,4,57,False
cost,prefix,accost,4,74,False
cour,prefix,courier,4,169,False
crea,prefix,creation,4,171,False
cred,prefix,accreditation,4,51,False
crus,prefix,crusade,4,81,False
cry,suffix,cry,3,120,False
cub,prefix,incubation,3,107,False
cule,prefix,molecule,4,109,False
cult,prefix,cult,4,83,False
culp,prefix,culpability,4,44,False
cur,prefix,accuracy,3,669,True
curv,prefix,cavort,4,63,False
cut,prefix,cleancut,3,293,True
cut,suffix,clean-cut,3,293,True
cyan,prefix,cyanic,4,59,False
cycl,prefix,acyclic,4,179,False
cyst,prefix,cysteine,4,61,False
cyt,prefix,astrocyte,3,157,False
cy,suffix,hesitancy,2,1112,True
day,prefix,daylight,3,165,False
dec,prefix,decad,3,570,True
del,prefix,delete,3,478,True
demi,prefix,,4,96,False
demo,prefix,Damocles,4,89,False
den,prefix,denar,3,821,True
dens,prefix,condensable,4,86,False
dent,prefix,bident,4,218,True
derm,prefix,dermatology,4,116,False
de,prefix,decay,2,10096,True
dia,prefix,deacon,3,758,True
din,prefix,dinosaur,3,1393,True
dit,prefix,credit,3,453,True
di,prefix,diatomic,2,7727,True
dol,prefix,condolence,3,251,True
dom,suffix,freedom,3,405,True
dom,prefix,dame,3,405,True
done,suffix,overdone,4,56,False
don,prefix,condonation,3,371,True
dors,prefix,disendorse,4,81,False
down,prefix,download,4,282,True
do,prefix,anecdote,2,3776,True
dra,prefix,dramatic,3,606,True
dros,prefix,drosometer,4,53,False
dry,prefix,dryad,3,107,False
du,prefix,deuce,2,1720,True
dur,prefix,dour,3,176,False
dy,prefix,dyad,2,860,True
dys,prefix,dysentery,3,157,False
ean,suffix,antipodean,3,480,True
east,prefix,eastbound,4,110,False
ech,prefix,anechoic,3,507,True
eco,prefix,ecology,3,566,True
ecto,prefix,ectoderm,4,224,True
ecu,embedded,executive,3,287,True
ec,prefix,eccentric,2,4568,True
ied,suffix,married,3,688,True
ued,suffix,continued,3,156,False
ed,suffix,hopped,2,19268,True
ee,suffix,refugee,2,5045,True
een,suffix,canteen,3,593,True
eer,suffix,auctioneer,3,491,True
ego,prefix,egocentric,3,163,False
eg,prefix,egophony,2,1957,True
elig,prefix,eligible,4,44,False
elle,suffix,amarelle,4,499,True
eme,prefix,antiemetic,3,801,True
eme,suffix,academe,3,801,True
emul,prefix,emulator,4,56,False
end,suffix,crescendo,3,1249,True
end,suffix,addend,3,1249,True
ene,suffix,benzene,3,1434,True
ence,suffix,difference,4,407,True
endo,prefix,endocardial,4,182,False
enne,suffix,comedienne,4,133,False
ense,suffix,dense,4,164,False
ens,prefix,ensiferous,3,1255,True
ento,prefix,entoblast,4,166,False
ent,suffix,resplendent,3,3221,True
en,suffix,silken,2,13623,True
eous,suffix,courageous,4,187,False
equi,prefix,equidistant,4,138,False
equ,prefix,equestrian,3,320,True
ere,prefix,trierarch,3,2229,True
erel,suffix,pickerel,4,44,False
erly,suffix,easterly,4,84,False
ern,suffix,eastern,3,584,True
erot,prefix,erogenous,4,89,False
err,prefix,aberrance,3,627,True
ery,suffix,aviary,3,586,True
er,suffix,baker,2,30521,True
esce,suffix,coalesce,4,135,False
ese,suffix,Javanese,3,537,True
esic,suffix,geodesic,4,44,False
esis,suffix,genesis,4,139,False
ess,suffix,goddess,3,3826,True
est,suffix,strongest,3,4431,True
eso,prefix,esophoria,3,289,True
es,suffix,knives,2,31459,True
ete,suffix,concrete,3,1061,True
eth,prefix,ethic,3,507,True
eth,suffix,eightieth,3,507,True
etic,suffix,apathetic,4,312,True
ette,suffix,midget,4,540,True
eu,prefix,aneuploidy,2,1323,True
eur,prefix,aneurysm,3,356,True
eur,suffix,grandeur,3,356,True
exo,prefix,exogamy,3,172,False
eye,prefix,eyebrow,3,309,True
fab,prefix,faba bean,3,88,False
fam,prefix,infamy,3,76,False
fasc,prefix,fasciculation,4,44,False
fav,prefix,favorite,3,61,False
fed,suffix,breastfed,3,220,True
fel,prefix,Felinae,3,202,True
fell,prefix,fellation,4,68,False
fer,prefix,aquifer,3,659,True
ferr,prefix,ferric,4,91,False
fest,prefix,festival,4,96,False
fet,prefix,fetid,3,174,False
fic,prefix,Ficus,3,226,True
fid,suffix,bifid,3,118,False
fil,prefix,defile,3,380,True
fili,prefix,affiliation,4,47,False
fin,prefix,affinity,3,630,True
fire,prefix,fire-resistant,4,206,True
firm,prefix,affirm,4,61,False
fix,prefix,affix,3,114,False
flam,prefix,flambe,4,70,False
flav,prefix,flavonoid,4,48,False
flor,prefix,floral,4,68,False
foc,prefix,bifocal,3,74,False
fold,suffix,eight-fold,4,123,False
foli,prefix,defoliant,4,55,False
forc,embedded,force,4,76,False
fore,prefix,forebear,4,351,True
form,prefix,conform,4,433,True
fort,prefix,fort,4,101,False
free,prefix,free-and-easy,4,149,False
ful,prefix,frightful,3,881,True
fum,prefix,fume,3,82,False
fund,prefix,found,4,57,False
fuse,prefix,confuse,4,73,False
fy,suffix,beautify,2,480,True
gain,prefix,gainer,4,61,False
gam,prefix,agamic,3,387,True
gamb,prefix,gam,4,60,False
gate,suffix,watergate,4,239,True
gel,prefix,congeal,3,251,True
geno,prefix,genocide,4,52,False
gen,prefix,allergen,3,1036,True
ger,prefix,erigeron,3,1143,True
germ,prefix,germ,4,68,False
gest,prefix,congest,4,134,False
gin,prefix,gingerly,3,1018,True
glob,prefix,global,4,75,False
glut,prefix,gluteus,4,44,False
glyc,prefix,glycogen,4,59,False
gno,prefix,agnosia,3,186,False
god,prefix,god-awful,3,97,False
gon,prefix,goniometer,3,422,True
good,prefix,good-for-naught,4,47,False
gorg,prefix,gorge,4,49,False
gram,prefix,anagram,4,278,True
gran,prefix,degranulation,4,171,False
grat,prefix,aggrace,4,95,False
grav,prefix,aggravate,4,98,False
gust,prefix,disgust,4,43,False
gyr,prefix,agyria,3,82,False
hal,prefix,halide,3,730,True
hand,prefix,backhand,4,291,True
hap,prefix,haphazard,3,263,True
hard,prefix,foolhardy,4,155,False
harm,prefix,harmony,4,116,False
head,prefix,head-in-the-clouds,4,519,True
heal,prefix,inhale,4,57,False
hedr,embedded,octahedron,4,54,False
hed,prefix,anhedonia,3,931,True
heli,prefix,aphelion,4,150,False
hemi,prefix,anhemitonic,4,134,False
hemo,prefix,hematite,4,60,False
hen,prefix,enosis,3,483,True
herb,prefix,herbaceous,4,65,False
herm,prefix,herm,4,107,False
hero,prefix,antihero,4,92,False
hex,prefix,hexachord,3,103,False
hier,prefix,hierarch,4,207,True
high,prefix,highclass,4,88,False
hind,prefix,hindsight,4,56,False
hipp,prefix,ephippium,4,114,False
hi,prefix,dehisce,2,6019,True
hol,prefix,catholic,3,626,True
hom,prefix,homiletic,3,381,True
hood,suffix,manhood,4,187,False
hor,prefix,horologist,3,978,True
hort,prefix,antecourt,4,90,False
host,prefix,host,4,62,False
hot,suffix,baking_hot,3,385,True
hum,prefix,disinhume,3,393,True
hydr,prefix,clepsydra,4,181,False
hys,prefix,hyena,3,101,False
iac,suffix,maniac,3,195,False
ian,suffix,African,3,804,True
iast,suffix,enthusiast,4,52,False
iatr,prefix,geriatrics,4,54,False
ia,suffix,Anglia,2,5481,True
ible,suffix,edible,4,213,True
eic,suffix,diarrheic,3,70,False
ical,suffix,psychological,4,541,True
ice,suffix,justice,3,719,True
icos,prefix,hemi-icosahedron,4,41,False
ics,suffix,acoustics,3,569,True
id,suffix,fluid,2,5405,True
iden,prefix,identity,4,125,False
ide,prefix,ideogram,3,1510,True
idi,prefix,idiolect,3,764,True
ient,embedded,ambient,4,169,False
ier,suffix,carrier,3,2950,True
ies,suffix,fries,3,5513,True
ie,suffix,aerie,2,11464,True
iff,suffix,bailiff,3,329,True
ify,suffix,mollify,3,352,True
ign,prefix,igneous,3,495,True
ile,suffix,juvenile,3,1016,True
ill,prefix,ill-advised,3,1871,True
ily,suffix,eerily,3,660,True
imbr,prefix,ignimbrite,4,43,False
ind,prefix,indigo,3,971,True
ino,suffix,bambino,3,570,True
ine,suffix,feminine,3,3669,True
ing,suffix,acting,3,16473,True
inan,prefix,inane,4,69,False
ion,suffix,cancellation,3,2649,True
ior,suffix,exterior,3,131,False
ious,suffix,gracious,4,273,True
iple,suffix,principle,4,49,False
ique,suffix,antique,4,145,False
irid,prefix,iridescent,4,43,False
ise,suffix,exercise,3,2874,True
ish,suffix,foolish,3,1749,True
isl,prefix,islet,3,181,False
ism,suffix,alcoholism,3,1711,True
ison,suffix,benison,4,115,False
iss,prefix,issue,3,663,True
ist,suffix,artist,3,2987,True
ite,suffix,Mennonite,3,2035,True
iter,prefix,iterate,4,279,True
itic,suffix,achondritic,4,270,True
itis,suffix,meningitis,4,243,True
ity,suffix,celebrity,3,844,True
ive,suffix,abusive,3,1522,True
ize,suffix,emphasize,3,2030,True
jac,prefix,adjacency,3,204,True
joc,prefix,jewel,3,54,False
join,prefix,adjoin,4,104,False
jug,prefix,conjugal,3,71,False
kilo,prefix,kilobyte,4,50,False
kin,suffix,cannikin,3,1581,True
kind,suffix,mankind,4,59,False
la,suffix,acerola,2,10523,True
labi,prefix,bilabial,4,71,False
lact,prefix,ablactate,4,55,False
lamp,prefix,lamp,4,96,False
land,suffix,inland,4,423,True
lane,suffix,dual-lane,4,120,False
lang,prefix,language,4,143,False
laps,embedded,collapse,4,76,False
larg,prefix,allargando,4,41,False
lass,prefix,lassitude,4,168,False
lat,prefix,laticlave,3,1710,True
lav,prefix,launder,3,245,True
lax,prefix,lax,3,94,False
le,suffix,handle,2,16229,True
leas,embedded,release,4,116,False
leg,prefix,allegation,3,375,True
lega,prefix,legacy,4,92,False
lei,prefix,leiomyoma,3,149,False
leni,prefix,leniency,4,90,False
lent,suffix,relent,4,186,False
leon,prefix,chameleon,4,40,False
lep,prefix,antilepton,3,187,False
less,suffix,friendless,4,1120,True
let,suffix,aglet,3,955,True
lev,prefix,alleviate,3,196,False
lex,prefix,lexicology,3,209,True
lic,prefix,license,3,937,True
life,prefix,life-giving,4,74,False
lign,prefix,ligne,4,61,False
lig,prefix,ligament,3,468,True
like,suffix,airlike,4,704,True
line,prefix,delete,4,685,True
ling,suffix,duckling,4,2304,True
lin,prefix,linen,3,3857,True
lip,prefix,lipolysis,3,397,True
lip,embedded,eclipse,3,397,True
liqu,prefix,deliquesce,4,120,False
lite,suffix,actinolite,4,322,True
lith,prefix,aerolithology,4,175,False
lit,prefix,litany,3,1237,True
lit,suffix,floodlit,3,1237,True
li,prefix,liable,2,13961,True
long,prefix,allonge,4,181,False
loc,prefix,accouchement,3,609,True
lot,prefix,lotion,3,532,True
love,prefix,loveable,4,123,False
low,prefix,low-altitude,3,691,True
loy,suffix,alloy,3,102,False
luc,prefix,elucidate,3,174,False
lug,embedded,deluge,3,106,False
lun,prefix,circumlunar,3,271,True
lut,prefix,corpus luteum,3,355,True
ly,suffix,carelessly,2,5586,True
magn,prefix,magnanimity,4,71,False
main,prefix,mainstream,4,96,False
mal,prefix,dismal,3,630,True
mamm,prefix,mammal,4,60,False
man,suffix,businessman,3,1741,True
mans,prefix,mansion,4,94,False
man,prefix,emanant,3,1741,True
manc,embedded,,4,76,False
mar,prefix,maar,3,987,True
mas,prefix,emasculate,3,710,True
mean,embedded,demeanor,4,59,False
mell,prefix,melliferous,4,88,False
melo,prefix,melodrama,4,73,False
men,prefix,menopause,3,1856,True
mend,prefix,amend,4,67,False
mens,prefix,commensurate,4,87,False
ment,prefix,comment,4,858,True
ment,embedded,containment,4,858,True
merc,prefix,amercement,4,84,False
mero,prefix,merocrine,4,54,False
mer,prefix,antimere,3,1201,True
mes,prefix,Mesolithic,3,858,True
mic,prefix,mica,3,770,True
midi,prefix,midi-length,4,48,False
mid,prefix,midriff,3,329,True
mill,prefix,mile,4,180,False
mim,prefix,mime,3,72,False
min,prefix,administer,3,1776,True
mina,prefix,amenable,4,279,True
mio,prefix,miosis,3,57,False
mir,prefix,admirability,3,183,False
mit,prefix,mitochondrion,3,569,True
mn,prefix,mina,2,319,True
mne,prefix,amnesia,3,100,False
mob,prefix,immobilize,3,90,False
mod,prefix,accommodate,3,235,True
mol,prefix,demolish,3,348,True
moll,prefix,emollience,4,42,False
mon,prefix,monachism,3,1089,True
mono,prefix,monochromat,4,295,True
mont,prefix,amount,4,69,False
moon,prefix,moon-faced,4,103,False
mor,prefix,immoral,3,658,True
mor,embedded,sophomore,3,658,True
mort,prefix,antemortem,4,92,False
muni,prefix,communicate,4,52,False
mun,prefix,munificent,3,179,False
mur,prefix,antemural,3,224,True
mus,prefix,mouse,3,364,True
musc,prefix,Musca,4,54,False
mut,prefix,immutable,3,207,True
myl,prefix,amyloid,3,51,False
mys,prefix,mysophilia,3,55,False
myth,prefix,mythic,4,51,False
my,prefix,miosis,2,798,True
nap,prefix,napiform,3,242,True
nap,suffix,kidnap,3,242,True
narc,prefix,narcolepsy,4,94,False
narr,prefix,counternarrative,4,45,False
nar,prefix,internarial,3,574,True
nas,prefix,intranasal,3,500,True
nata,suffix,sonata,4,42,False
naut,prefix,aeronautic,4,40,False
neg,prefix,abnegation,3,146,False
nerv,prefix,enervate,4,58,False
nes,prefix,Chersonesus,3,3651,True
ness,suffix,carelessness,4,1781,True
neur,prefix,aponeurosis,4,115,False
ne,prefix,axoneme,2,11728,True
niv,prefix,Nevada,3,84,False
noc,prefix,innocence,3,219,True
nod,prefix,acnode,3,165,False
nom,prefix,agronomy,3,380,True
non,prefix,nonconforming,3,832,True
norm,prefix,abnormal,4,46,False
nost,prefix,nostalgia,4,52,False
nour,prefix,malnourish,4,40,False
nov,prefix,innovate,3,131,False
nuc,prefix,enucleate,3,99,False
nud,prefix,denudation,3,55,False
nur,prefix,nurse,3,191,False
nu,prefix,circumnutate,2,1509,True
oct,prefix,octangular,3,221,True
ocul,prefix,ocular,4,61,False
ode,suffix,anode,3,577,True
odi,prefix,odious,3,550,True
odor,prefix,malodorous,4,45,False
oec,prefix,andromonecy,3,58,False
oen,prefix,enology,3,92,False
off,prefix,off-color,3,366,True
oid,suffix,asteroid,3,826,True
ole,prefix,oleosity,3,1055,True
ole,suffix,amphibole,3,1055,True
oma,suffix,melanoma,3,789,True
omas,prefix,abomasum,4,99,False
ome,suffix,abrocome,3,1304,True
omin,prefix,abominable,4,230,True
omni,prefix,omnipotence,4,48,False
om,prefix,acromion,2,5283,True
onc,prefix,oncocyte,3,386,True
oner,prefix,exonerate,4,214,True
one,prefix,oneparty,3,1776,True
oni,prefix,oniochalasia,3,1762,True
ont,prefix,dysontogenesis,3,642,True
onym,prefix,acronym,4,130,False
oo,prefix,bottarga,2,5552,True
oon,suffix,afternoon,3,560,True
oper,prefix,operate,4,161,False
oper,prefix,interoperculum,4,161,False
ophi,prefix,ophicephalous,4,202,True
opia,suffix,amblyopia,4,87,False
opsi,prefix,opsimath,4,84,False
opt,prefix,adopt,3,200,True
opul,prefix,opulence,4,60,False
op,prefix,metope,2,4372,True
or,suffix,creator,2,11823,True
ora,prefix,adore,3,753,True
orb,prefix,orbit,3,248,True
orch,prefix,anorchia,4,87,False
ord,embedded,primordial,3,585,True
org,prefix,orgasm,3,240,True
orn,prefix,adorn,3,650,True
oro,prefix,orogenesis,3,374,True
orth,prefix,orthocenter,4,157,False
ory,suffix,adulatory,3,361,True
or,prefix,adosculation,2,11823,True
ose,suffix,lactose,3,1210,True
os,suffix,chaos,2,6344,True
osis,suffix,genesis,4,178,False
osm,prefix,osmometry,3,131,False
oss,prefix,exossation,3,565,True
oste,prefix,dysostosis,4,191,False
osti,prefix,ostiary,4,108,False
ot,prefix,anotia,2,5496,True
otic,suffix,abiotic,4,245,True
ous,suffix,ridiculous,3,2193,True
out,prefix,outgoing,3,2185,True
out,suffix,all-out,3,2185,True
over,prefix,overconfident,4,1392,True
ov,prefix,obovate,2,2404,True
ovi,prefix,ovile,3,262,True
oxy,prefix,anoxia,3,115,False
oz,prefix,ozocerite,2,460,True
pact,prefix,compact,4,45,False
pac,prefix,appease,3,419,True
pae,prefix,anapaest,3,77,False
pair,suffix,repair,4,56,False
pall,prefix,pallid,4,89,False
palm,prefix,palmate,4,69,False
pal,prefix,impale,3,537,True
pan,prefix,appanage,3,768,True
par,prefix,apparat,3,1319,True
part,prefix,apart,4,203,True
pass,embedded,passive,4,155,False
path,prefix,allopath,4,132,False
pat,prefix,impatent,3,630,True
pav,prefix,pavage,3,73,False
pect,prefix,pectic,4,120,False
ped,prefix,biped,3,843,True
pel,embedded,compel,3,426,True
pen,prefix,peninsula,3,829,True
pent,prefix,diapente,4,141,False
pept,prefix,dipeptide,4,45,False
peri,prefix,Pericles,4,396,True
peri,prefix,peril,4,396,True
per,prefix,peridium,3,2478,True
peta,prefix,petabit,4,52,False
pet,prefix,appetite,3,388,True
petr,prefix,epipetric,4,60,False
phag,prefix,autophagosome,4,77,False
phe,prefix,phenomenon,3,489,True
phob,prefix,phobia,4,84,False
phon,prefix,acrophonic,4,285,True
phyl,prefix,phylogenetics,4,87,False
phys,prefix,physogastric,4,67,False
phyt,prefix,phytoplankton,4,104,False
pico,prefix,picofarad,4,45,False
pic,prefix,piceous,3,590,True
pil,prefix,pile,3,430,True
pin,prefix,pineal gland,3,1416,True
pink,suffix,deep-pink,4,45,False
pir,prefix,piriformis muscle,3,301,True
pis,prefix,pisoid,3,341,True
pi,prefix,expiate,2,5452,True
plan,prefix,applanate,4,287,True
plat,prefix,piazza,4,158,False
plen,prefix,plenary,4,70,False
plic,prefix,appliance,4,89,False
ploy,embedded,deployment,4,40,False
plu,prefix,pluvial,3,343,True
plum,prefix,plumage,4,133,False
pod,prefix,amphipod,3,334,True
pol,prefix,dipole,3,772,True
pole,prefix,duopoly,4,91,False
poli,prefix,poliomyelitis,4,135,False
poll,prefix,,4,125,False
poly,prefix,hoi polloi,4,267,True
pom,prefix,,3,113,False
pont,prefix,pontoon,4,51,False
por,prefix,aporetic,3,725,True
port,prefix,comport,4,326,True
post,prefix,posterior,4,328,True
pot,prefix,potable,3,459,True
prat,prefix,,4,52,False
prec,prefix,deprecation,4,187,False
pred,prefix,depredate,4,106,False
pre,prefix,previous,3,1670,True
prim,prefix,coprime,4,105,False
prin,prefix,,4,204,True
pris,prefix,prison,4,115,False
priv,prefix,deprivation,4,57,False
pri,prefix,prion,3,810,True
prob,prefix,approbation,4,72,False
prom,prefix,prominent,4,84,False
prop,prefix,propaedeutic,4,200,True
pros,prefix,prosenchyma,4,145,False
prot,prefix,amphiprotic,4,172,False
pro,prefix,procrastinate,3,1572,True
psa,prefix,palimpsest,3,72,False
pter,prefix,apterous,4,133,False
pto,prefix,anaptotic,3,171,False
pty,prefix,hemoptysis,3,42,False
pub,prefix,pubescent,3,60,False
pul,embedded,compulsion,3,425,True
pun,prefix,punitive,3,250,True
pup,prefix,pupa,3,74,False
pur,prefix,impurity,3,379,True
put,prefix,amputate,3,215,True
pyr,prefix,antipyretic,3,221,True
py,prefix,empyema,2,761,True
qual,prefix,quality,4,90,False
quip,embedded,equip,4,43,False
quis,embedded,conquistador,4,62,False
quot,prefix,quota,4,48,False
rab,prefix,rabid,3,518,True
radi,prefix,radiance,4,227,True
ram,prefix,ramification,3,918,True
ran,prefix,Rana,3,1639,True
ranc,prefix,rancid,4,224,True
raph,prefix,raphae,4,270,True
rap,prefix,rapeseed,3,812,True
rar,prefix,rarity,3,193,False
rat,prefix,ratify,3,1673,True
rav,prefix,ravish,3,355,True
rem,prefix,bireme,3,656,True
rend,prefix,render,4,73,False
ren,prefix,renal,3,825,True
ret,prefix,reticle,3,1099,True
rhe,prefix,rheology,3,181,False
rho,prefix,rho,3,173,False
ric,suffix,acentric,3,1249,True
rium,suffix,aquarium,4,141,False
riv,prefix,derive,3,384,True
rock,prefix,rock-bottom,4,164,False
rog,prefix,abrogate,3,393,True
rot,prefix,arrondissement,3,714,True
rou,prefix,rouge,3,994,True
roy,prefix,royalty,3,91,False
rug,prefix,corrugant,3,142,False
rur,prefix,nonrural,3,65,False
rust,prefix,rust-brown,4,182,False
ry,suffix,chemistry,2,2611,True
sal,prefix,salinity,3,728,True
san,suffix,archdiocesan,3,546,True
sanc,prefix,sacrosanct,4,53,False
sarc,prefix,consarcination,4,46,False
saur,prefix,dinosaur,4,61,False
scal,prefix,scalar,4,213,True
scap,prefix,scape,4,111,False
scat,prefix,scatemia,4,74,False
scen,prefix,parascenium,4,187,False
sci,prefix,conscience,3,310,True
scot,prefix,scotobiology,4,41,False
scur,embedded,obscure,4,49,False
scut,prefix,scute,4,51,False
sea,suffix,deep-sea,3,432,True
seb,prefix,sebaceous,3,80,False
self,prefix,self-discipline,4,46,False
sell,prefix,sella turcica,4,131,False
sema,prefix,aposematic,4,54,False
semi,prefix,semiannual,4,183,False
sen,prefix,senior,3,504,True
sept,prefix,septennial,4,68,False
seri,prefix,serious,4,111,False
ser,prefix,serotine,3,1350,True
sero,prefix,serologic,4,51,False
serr,prefix,biserrate,4,44,False
sert,suffix,assert,4,71,False
serv,prefix,conserve,4,135,False
set,prefix,seta,3,364,True
sext,prefix,bissextile,4,44,False
ship,suffix,assistantship,4,384,True
sick,suffix,air_sick,4,88,False
side,prefix,side_by_side,4,313,True
sign,prefix,design,4,192,False
sil,prefix,silence,3,415,True
silv,prefix,silviculture,4,48,False
simi,prefix,simian,4,47,False
sine,prefix,sine_die,4,162,False
sion,suffix,cohesion,4,411,True
sist,suffix,assist,4,116,False
sis,suffix,exegesis,3,648,True
sit,prefix,ectoparasite,3,519,True
sive,suffix,abusive,4,202,True
siz,prefix,,3,117,False
sli,embedded,,3,410,True
snow,prefix,snow-blind,4,115,False
soci,prefix,associate,4,68,False
soft,prefix,soft-boiled,4,56,False
sol,prefix,solar,3,606,True
sol,prefix,desolate,3,606,True
sole,prefix,insolence,4,123,False
some,suffix,lonesome,4,291,True
son,prefix,absonant,3,603,True
soph,prefix,antisophism,4,67,False
sort,suffix,consort,4,74,False
spad,prefix,epispadias,4,47,False
spa,prefix,antispasmodic,3,636,True
sper,prefix,despair,4,161,False
sper,embedded,disperse,4,161,False
spic,prefix,spica,4,74,False
spin,prefix,infraspinate,4,171,False
spir,prefix,aspire,4,174,False
step,prefix,stepbrother,4,75,False
stol,prefix,apostle,4,74,False
sten,prefix,stenography,4,178,False
ster,suffix,adjuster,4,1025,True
stin,prefix,destination,4,425,True
stom,prefix,anastomosis,4,116,False
stor,prefix,biostrome,4,251,True
stud,prefix,étude,4,63,False
styl,prefix,amphiprostyle,4,150,False
suc,prefix,succeed,3,186,False
sud,prefix,exudate,3,60,False
sui,prefix,sui generis,3,134,False
sult,suffix,insult,4,52,False
summ,prefix,consummate,4,86,False
sur,prefix,surreal,3,621,True
syc,prefix,sycomancy,3,56,False
sy,suffix,epilepsy,2,1055,True
tach,prefix,tachometer,4,95,False
tact,prefix,tactile,4,60,False
tain,suffix,detain,4,170,False
tal,prefix,talus,3,1115,True
taph,suffix,bibliotaph,4,42,False
tard,prefix,retard,4,75,False
tars,prefix,metatarsus,4,84,False
tast,prefix,tasteless,4,80,False
tear,prefix,tearful,4,70,False
tect,suffix,protection,4,57,False
teen,suffix,canteen,4,110,False
tenu,prefix,attenuate,4,43,False
tep,prefix,subtepid,3,136,False
tera,prefix,terabyte,4,200,True
tere,prefix,synteresis,4,418,True
tern,prefix,ternary,4,215,True
terr,prefix,inter,4,115,False
test,prefix,attest,4,272,True
tetr,prefix,diatessaron,4,68,False
th,suffix,strength,2,5477,True
thea,prefix,amphitheatre,4,89,False
thel,prefix,athelia,4,46,False
ther,prefix,therianthropy,4,594,True
thym,prefix,dysthymia,4,43,False
tic,suffix,aquatic,3,2385,True
tid,prefix,tide,3,246,True
tim,prefix,timid,3,465,True
tion,suffix,cancellation,4,1507,True
tire,prefix,attire,4,59,False
tive,suffix,exhaustive,4,579,True
tom,prefix,anatomy,3,556,True
tone,prefix,atonia,4,399,True
ton,embedded,astonish,3,1136,True
tort,prefix,extort,4,91,False
tot,prefix,subtotal,3,238,True
town,prefix,downtown,4,82,False
tox,prefix,anatoxin,3,112,False
trag,prefix,tragedy,4,60,False
tree,prefix,tree-living,4,109,False
trem,prefix,tremor,4,74,False
trib,embedded,tribal,4,63,False
tri,prefix,triangle,3,1903,True
tric,prefix,intricate,4,384,True
trin,prefix,trinary,4,157,False
trix,suffix,adjutrix,4,58,False
tron,suffix,antineutron,4,200,True
trop,prefix,contrive,4,240,True
truc,prefix,truculent,4,87,False
tum,prefix,detumescence,3,291,True
tun,embedded,stunning,3,238,True
tude,suffix,gratitude,4,89,False
turb,prefix,disturb,4,69,False
tus,embedded,contusion,3,233,True
tut,prefix,tutorial,3,124,False
twi,prefix,twibill,3,271,True
typ,prefix,allotype,3,296,True
ty,suffix,poverty,2,2162,True
uate,suffix,accentuate,4,115,False
uber,prefix,exuberance,4,73,False
ual,suffix,casual,3,359,True
uble,suffix,soluble,4,61,False
ula,suffix,acicula,3,1064,True
ulus,suffix,calculus,4,58,False
ul,prefix,Ulotrichi,2,5401,True
um,suffix,curriculum,2,4381,True
umbr,prefix,adumbral,4,68,False
unc,prefix,adunc,3,958,True
unci,prefix,inch,4,86,False
und,prefix,abound,3,1398,True
uni,prefix,adunation,3,461,True
uous,suffix,ambiguous,4,56,False
up,prefix,upgrade,2,2335,True
uran,prefix,uraninite,4,111,False
urb,prefix,conurbation,3,233,True
ure,suffix,culture,3,1228,True
urg,prefix,urgency,3,280,True
uric,suffix,aciduric,4,47,False
uro,prefix,uropod,3,277,True
urs,prefix,Ursa Major,3,633,True
ur,prefix,antidiuretic,2,6800,True
uter,prefix,uterine,4,143,False
ute,suffix,absolute,3,611,True
us,suffix,animus,2,6423,True
uv,prefix,uvea,2,238,True
vac,prefix,evacuate,3,115,False
vag,prefix,extravaganza,3,138,False
val,prefix,ambivalence,3,478,True
van,prefix,evanescent,3,277,True
vap,prefix,evaporate,3,79,False
vari,prefix,bivariate,4,142,False
vas,prefix,vas_deferens,3,194,False
vate,suffix,activate,4,129,False
vel,prefix,revelation,3,629,True
veng,prefix,avenger,4,41,False
vend,prefix,vend,4,49,False
vent,prefix,ventilation,4,187,False
verb,prefix,verbal,4,166,False
verd,prefix,verdant,4,93,False
verm,prefix,vermiform,4,98,False
vern,prefix,vernal,4,76,False
ver,prefix,aver,3,2768,True
vest,prefix,divest,4,126,False
ves,prefix,,3,720,True
vet,prefix,veto,3,189,False
vice,prefix,vice-president,4,47,False
vict,suffix,victim,4,59,False
vic,prefix,vicar,3,219,True
vig,embedded,,3,67,False
vill,prefix,intervillous,4,99,False
vil,prefix,revile,3,265,True
vin,prefix,vinaceous,3,584,True
vir,prefix,retroviral,3,243,True
vir,embedded,virile,3,243,True
vis,embedded,visionary,3,449,True
vita,prefix,vital,4,85,False
viti,prefix,vice,4,54,False
vi,prefix,deviate,2,3206,True
voc,prefix,advocacy,3,134,False
vol,prefix,benevolence,3,303,True
vour,suffix,devour,4,62,False
vulg,prefix,divulge,4,41,False
ware,suffix,agateware,4,157,False
war,prefix,war-ridden,3,851,True
wast,prefix,body_waste,4,64,False
ways,suffix,always,4,161,False
well,prefix,well-adjusted,4,153,False
west,prefix,westbound,4,55,False
wind,prefix,windblown,4,204,True
wise,suffix,otherwise,4,111,False
with,prefix,withstand,4,63,False
wool,prefix,woolen,4,68,False
word,prefix,word-blind,4,122,False
work,suffix,artwork,4,463,True
xe,prefix,arthroxesis,2,930,True
xen,prefix,axenic,3,80,False
xer,prefix,elixir,3,137,False
xyl,prefix,metaxylem,3,94,False
yte,suffix,acanthocyte,3,215,True
ze,prefix,eczema,2,3133,True
zel,prefix,zeal,3,93,False
zon,prefix,phylozone,3,181,False
zo,prefix,anthrozoology,2,892,True
zyg,prefix,azygous,3,58,False
zym,prefix,alloenzyme,3,75,False
